image_name,sample_name,year,station,sample,stage,ind,length,calanus_type
2018_G_p81_1.tif,G_p81,2018,G,p81,CV,1,3.5,NA
2018_G_p81_2.tif,G_p81,2018,G,p81,CV,2,3.11,NA
2018_G_p81_3.tif,G_p81,2018,G,p81,CV,3,3.08,NA
2018_G_p81_4.tif,G_p81,2018,G,p81,CV,4,3.27,NA
2018_G_p81_5.tif,G_p81,2018,G,p81,CV,5,3.04,NA
2018_G_p81_6.tif,G_p81,2018,G,p81,CV,6,3.26,NA
2018_G_p81_7.tif,G_p81,2018,G,p81,CV,7,3.12,NA
2018_G_p81_8.tif,G_p81,2018,G,p81,CV,8,3.45,NA
2018_G_p81_9.tif,G_p81,2018,G,p81,CV,9,3.34,NA
2018_G_p81_10.tif,G_p81,2018,G,p81,CV,10,3.09,NA
2018_G_p82_1.tif,G_p82,2018,G,p82,CV,1,3.25,NA
2018_G_p82_2.tif,G_p82,2018,G,p82,CV,2,3.13,NA
2018_G_p82_3.tif,G_p82,2018,G,p82,CV,3,3.35,NA
2018_G_p82_4.tif,G_p82,2018,G,p82,CV,4,3.35,NA
2018_G_p82_5.tif,G_p82,2018,G,p82,CV,5,3.07,NA
2018_G_p82_6.tif,G_p82,2018,G,p82,CV,6,3.24,NA
2018_G_p82_7.tif,G_p82,2018,G,p82,CV,7,3.24,NA
2018_G_p82_8.tif,G_p82,2018,G,p82,CV,8,3.38,NA
2018_G_p82_9.tif,G_p82,2018,G,p82,CV,9,3.01,NA
2018_G_p82_10.tif,G_p82,2018,G,p82,CV,10,3.22,NA
2018_G_p83_1.tif,G_p83,2018,G,p83,CV,1,3,NA
2018_G_p83_2.tif,G_p83,2018,G,p83,CV,2,3.18,NA
2018_G_p83_3.tif,G_p83,2018,G,p83,CV,3,3.19,NA
2018_G_p83_4.tif,G_p83,2018,G,p83,CV,4,3.26,NA
2018_G_p83_5.tif,G_p83,2018,G,p83,CV,5,3.47,NA
2018_G_p83_6.tif,G_p83,2018,G,p83,CV,6,3.16,NA
2018_G_p83_7.tif,G_p83,2018,G,p83,CV,7,3.08,NA
2018_G_p83_8.tif,G_p83,2018,G,p83,CV,8,2.98,NA
2018_G_p83_9.tif,G_p83,2018,G,p83,CV,9,3.22,NA
2018_G_p83_10.tif,G_p83,2018,G,p83,CV,10,3.3,NA
2018_G_p84_1.tif,G_p84,2018,G,p84,CV,1,2.53,NA
2018_G_p84_2.tif,G_p84,2018,G,p84,CV,2,2.54,NA
2018_G_p84_3.tif,G_p84,2018,G,p84,CV,3,2.55,NA
2018_G_p84_4.tif,G_p84,2018,G,p84,CV,4,2.6,NA
2018_G_p84_5.tif,G_p84,2018,G,p84,CV,5,2.99,NA
2018_G_p84_6.tif,G_p84,2018,G,p84,CV,6,2.72,NA
2018_G_p84_7.tif,G_p84,2018,G,p84,CV,7,2.57,NA
2018_G_p84_8.tif,G_p84,2018,G,p84,CV,8,2.81,NA
2018_G_p84_9.tif,G_p84,2018,G,p84,CV,9,2.7,NA
2018_G_p84_10.tif,G_p84,2018,G,p84,CV,10,2.51,NA
2018_G_p85_1.tif,G_p85,2018,G,p85,CV,1,2.57,NA
2018_G_p85_2.tif,G_p85,2018,G,p85,CV,2,2.62,NA
2018_G_p85_3.tif,G_p85,2018,G,p85,CV,3,2.43,NA
2018_G_p85_4.tif,G_p85,2018,G,p85,CV,4,2.36,NA
2018_G_p85_5.tif,G_p85,2018,G,p85,CV,5,2.68,NA
2018_G_p85_6.tif,G_p85,2018,G,p85,CV,6,2.67,NA
2018_G_p85_7.tif,G_p85,2018,G,p85,CV,7,2.71,NA
2018_G_p85_8.tif,G_p85,2018,G,p85,CV,8,2.41,NA
2018_G_p85_9.tif,G_p85,2018,G,p85,CV,9,2.68,NA
2018_G_p85_10.tif,G_p85,2018,G,p85,CV,10,2.41,NA
2018_G_p86_1.tif,G_p86,2018,G,p86,CV,1,2.32,NA
2018_G_p86_2.tif,G_p86,2018,G,p86,CV,2,2.29,NA
2018_G_p86_3.tif,G_p86,2018,G,p86,CV,3,2.71,NA
2018_G_p86_4.tif,G_p86,2018,G,p86,CV,4,2.2,NA
2018_G_p86_5.tif,G_p86,2018,G,p86,CV,5,2.32,NA
2018_G_p86_6.tif,G_p86,2018,G,p86,CV,6,2.49,NA
2018_G_p86_7.tif,G_p86,2018,G,p86,CV,7,2.6,NA
2018_G_p86_8.tif,G_p86,2018,G,p86,CV,8,2.77,NA
2018_G_p86_9.tif,G_p86,2018,G,p86,CV,9,2.62,NA
2018_G_p86_10.tif,G_p86,2018,G,p86,CV,10,2.52,NA
2018_G_p87_1.tif,G_p87,2018,G,p87,CV,1,3.49,NA
2018_G_p87_2.tif,G_p87,2018,G,p87,CV,2,2.95,NA
2018_G_p87_3.tif,G_p87,2018,G,p87,CV,3,3.15,NA
2018_G_p87_4.tif,G_p87,2018,G,p87,CV,4,3.18,NA
2018_G_p87_5.tif,G_p87,2018,G,p87,CV,5,3.13,NA
2018_G_p87_6.tif,G_p87,2018,G,p87,CV,6,3.08,NA
2018_G_p87_7.tif,G_p87,2018,G,p87,CV,7,3.01,NA
2018_G_p87_8.tif,G_p87,2018,G,p87,CV,8,3.03,NA
2018_G_p87_9.tif,G_p87,2018,G,p87,CV,9,3.23,NA
2018_G_p87_10.tif,G_p87,2018,G,p87,CV,10,3.32,NA
2018_G_p88_1.tif,G_p88,2018,G,p88,CV,1,3.06,NA
2018_G_p88_2.tif,G_p88,2018,G,p88,CV,2,3.09,NA
2018_G_p88_3.tif,G_p88,2018,G,p88,CV,3,2.9,NA
2018_G_p88_4.tif,G_p88,2018,G,p88,CV,4,3.17,NA
2018_G_p88_5.tif,G_p88,2018,G,p88,CV,5,3.26,NA
2018_G_p88_6.tif,G_p88,2018,G,p88,CV,6,3.39,NA
2018_G_p88_7.tif,G_p88,2018,G,p88,CV,7,3.05,NA
2018_G_p88_8.tif,G_p88,2018,G,p88,CV,8,3.03,NA
2018_G_p88_9.tif,G_p88,2018,G,p88,CV,9,2.82,NA
2018_G_p88_10.tif,G_p88,2018,G,p88,CV,10,3.42,NA
2018_G_p89_1.tif,G_p89,2018,G,p89,CV,1,2.4,NA
2018_G_p89_2.tif,G_p89,2018,G,p89,CV,2,2.64,NA
2018_G_p89_3.tif,G_p89,2018,G,p89,CV,3,2.63,NA
2018_G_p89_4.tif,G_p89,2018,G,p89,CV,4,2.68,NA
2018_G_p89_5.tif,G_p89,2018,G,p89,CV,5,2.3,NA
2018_G_p89_6.tif,G_p89,2018,G,p89,CV,6,2.6,NA
2018_G_p89_7.tif,G_p89,2018,G,p89,CV,7,2.53,NA
2018_G_p89_8.tif,G_p89,2018,G,p89,CV,8,2.43,NA
2018_G_p89_9.tif,G_p89,2018,G,p89,CV,9,2.23,NA
2018_G_p89_10.tif,G_p89,2018,G,p89,CV,10,2.42,NA
2018_G_p90_1.tif,G_p90,2018,G,p90,CV,1,2.49,NA
2018_G_p90_2.tif,G_p90,2018,G,p90,CV,2,2.55,NA
2018_G_p90_3.tif,G_p90,2018,G,p90,CV,3,2.65,NA
2018_G_p90_4.tif,G_p90,2018,G,p90,CV,4,2.58,NA
2018_G_p90_5.tif,G_p90,2018,G,p90,CV,5,2.6,NA
2018_G_p90_6.tif,G_p90,2018,G,p90,CV,6,2.62,NA
2018_G_p90_7.tif,G_p90,2018,G,p90,CV,7,2.66,NA
2018_G_p90_8.tif,G_p90,2018,G,p90,CV,8,2.92,NA
2018_G_p90_9.tif,G_p90,2018,G,p90,CV,9,2.64,NA
2018_G_p90_10.tif,G_p90,2018,G,p90,CV,10,2.63,NA
2018_F_p51_1.tif,F_p51,2018,F,p51,CV,1,3.42,NA
2018_F_p51_2.tif,F_p51,2018,F,p51,CV,2,3.05,NA
2018_F_p51_3.tif,F_p51,2018,F,p51,CV,3,3.14,NA
2018_F_p51_4.tif,F_p51,2018,F,p51,CV,4,3.34,NA
2018_F_p51_5.tif,F_p51,2018,F,p51,CV,5,3.34,NA
2018_F_p51_6.tif,F_p51,2018,F,p51,CV,6,3.28,NA
2018_F_p51_7.tif,F_p51,2018,F,p51,CV,7,3.08,NA
2018_F_p51_8.tif,F_p51,2018,F,p51,CV,8,3.27,NA
2018_F_p51_9.tif,F_p51,2018,F,p51,CV,9,2.87,NA
2018_F_p51_10.tif,F_p51,2018,F,p51,CV,10,3.18,NA
2018_F_p52_1.tif,F_p52,2018,F,p52,CV,1,2.91,NA
2018_F_p52_2.tif,F_p52,2018,F,p52,CV,2,3.14,NA
2018_F_p52_3.tif,F_p52,2018,F,p52,CV,3,3.03,NA
2018_F_p52_4.tif,F_p52,2018,F,p52,CV,4,3.16,NA
2018_F_p52_5.tif,F_p52,2018,F,p52,CV,5,3.07,NA
2018_F_p52_6.tif,F_p52,2018,F,p52,CV,6,3.07,NA
2018_F_p52_7.tif,F_p52,2018,F,p52,CV,7,2.92,NA
2018_F_p52_8.tif,F_p52,2018,F,p52,CV,8,3.07,NA
2018_F_p52_9.tif,F_p52,2018,F,p52,CV,9,3.18,NA
2018_F_p52_10.tif,F_p52,2018,F,p52,CV,10,3.02,NA
2018_F_p53_1.tif,F_p53,2018,F,p53,CV,1,3.07,NA
2018_F_p53_2.tif,F_p53,2018,F,p53,CV,2,2.99,NA
2018_F_p53_3.tif,F_p53,2018,F,p53,CV,3,3.14,NA
2018_F_p53_4.tif,F_p53,2018,F,p53,CV,4,3,NA
2018_F_p53_5.tif,F_p53,2018,F,p53,CV,5,3.12,NA
2018_F_p53_6.tif,F_p53,2018,F,p53,CV,6,2.85,NA
2018_F_p53_7.tif,F_p53,2018,F,p53,CV,7,3.06,NA
2018_F_p53_8.tif,F_p53,2018,F,p53,CV,8,3,NA
2018_F_p53_9.tif,F_p53,2018,F,p53,CV,9,2.96,NA
2018_F_p53_10.tif,F_p53,2018,F,p53,CV,10,2.92,NA
2018_F_p54_1.tif,F_p54,2018,F,p54,CV,1,2.57,NA
2018_F_p54_2.tif,F_p54,2018,F,p54,CV,2,2.63,NA
2018_F_p54_3.tif,F_p54,2018,F,p54,CV,3,2.19,NA
2018_F_p54_4.tif,F_p54,2018,F,p54,CV,4,2.42,NA
2018_F_p54_5.tif,F_p54,2018,F,p54,CV,5,2.33,NA
2018_F_p54_6.tif,F_p54,2018,F,p54,CV,6,2.29,NA
2018_F_p54_7.tif,F_p54,2018,F,p54,CV,7,2.37,NA
2018_F_p54_8.tif,F_p54,2018,F,p54,CV,8,2.38,NA
2018_F_p54_9.tif,F_p54,2018,F,p54,CV,9,2.87,NA
2018_F_p54_10.tif,F_p54,2018,F,p54,CV,10,2.44,NA
2018_F_p55_1.tif,F_p55,2018,F,p55,CV,1,2.6,NA
2018_F_p55_2.tif,F_p55,2018,F,p55,CV,2,2.64,NA
2018_F_p55_3.tif,F_p55,2018,F,p55,CV,3,2.91,NA
2018_F_p55_4.tif,F_p55,2018,F,p55,CV,4,2.73,NA
2018_F_p55_5.tif,F_p55,2018,F,p55,CV,5,2.72,NA
2018_F_p55_6.tif,F_p55,2018,F,p55,CV,6,2.64,NA
2018_F_p55_7.tif,F_p55,2018,F,p55,CV,7,2.79,NA
2018_F_p55_8.tif,F_p55,2018,F,p55,CV,8,2.64,NA
2018_F_p55_9.tif,F_p55,2018,F,p55,CV,9,2.52,NA
2018_F_p55_10.tif,F_p55,2018,F,p55,CV,10,2.5,NA
2018_F_p56_1.tif,F_p56,2018,F,p56,CV,1,3.15,NA
2018_F_p56_2.tif,F_p56,2018,F,p56,CV,2,2.93,NA
2018_F_p56_3.tif,F_p56,2018,F,p56,CV,3,3.38,NA
2018_F_p56_4.tif,F_p56,2018,F,p56,CV,4,2.95,NA
2018_F_p56_5.tif,F_p56,2018,F,p56,CV,5,3.26,NA
2018_F_p56_6.tif,F_p56,2018,F,p56,CV,6,3.09,NA
2018_F_p56_7.tif,F_p56,2018,F,p56,CV,7,2.96,NA
2018_F_p56_8.tif,F_p56,2018,F,p56,CV,8,3.05,NA
2018_F_p56_9.tif,F_p56,2018,F,p56,CV,9,3.1,NA
2018_F_p56_10.tif,F_p56,2018,F,p56,CV,10,3.11,NA
2018_F_p57_1.tif,F_p57,2018,F,p57,CV,1,2.98,NA
2018_F_p57_2.tif,F_p57,2018,F,p57,CV,2,2.93,NA
2018_F_p57_3.tif,F_p57,2018,F,p57,CV,3,3.07,NA
2018_F_p57_4.tif,F_p57,2018,F,p57,CV,4,3.25,NA
2018_F_p57_5.tif,F_p57,2018,F,p57,CV,5,3.09,NA
2018_F_p57_6.tif,F_p57,2018,F,p57,CV,6,3.03,NA
2018_F_p57_7.tif,F_p57,2018,F,p57,CV,7,3.06,NA
2018_F_p57_8.tif,F_p57,2018,F,p57,CV,8,3.12,NA
2018_F_p57_9.tif,F_p57,2018,F,p57,CV,9,2.9,NA
2018_F_p57_10.tif,F_p57,2018,F,p57,CV,10,2.99,NA
2018_F_p58_1.tif,F_p58,2018,F,p58,CV,1,2.47,NA
2018_F_p58_2.tif,F_p58,2018,F,p58,CV,2,2.46,NA
2018_F_p58_3.tif,F_p58,2018,F,p58,CV,3,2.27,NA
2018_F_p58_4.tif,F_p58,2018,F,p58,CV,4,2.42,NA
2018_F_p58_5.tif,F_p58,2018,F,p58,CV,5,2.77,NA
2018_F_p58_6.tif,F_p58,2018,F,p58,CV,6,2.7,NA
2018_F_p58_7.tif,F_p58,2018,F,p58,CV,7,2.41,NA
2018_F_p58_8.tif,F_p58,2018,F,p58,CV,8,2.5,NA
2018_F_p58_9.tif,F_p58,2018,F,p58,CV,9,2.3,NA
2018_F_p58_10.tif,F_p58,2018,F,p58,CV,10,2.28,NA
2018_F_p59_1.tif,F_p59,2018,F,p59,CV,1,2.6,NA
2018_F_p59_2.tif,F_p59,2018,F,p59,CV,2,2.86,NA
2018_F_p59_3.tif,F_p59,2018,F,p59,CV,3,2.51,NA
2018_F_p59_4.tif,F_p59,2018,F,p59,CV,4,2.2,NA
2018_F_p59_5.tif,F_p59,2018,F,p59,CV,5,2.61,NA
2018_F_p59_6.tif,F_p59,2018,F,p59,CV,6,2.4,NA
2018_F_p59_7.tif,F_p59,2018,F,p59,CV,7,2.64,NA
2018_F_p59_8.tif,F_p59,2018,F,p59,CV,8,2.59,NA
2018_F_p59_9.tif,F_p59,2018,F,p59,CV,9,2.43,NA
2018_F_p59_10.tif,F_p59,2018,F,p59,CV,10,2.74,NA
2018_F_p60_1.tif,F_p60,2018,F,p60,CV,1,2.4,NA
2018_F_p60_2.tif,F_p60,2018,F,p60,CV,2,2.6,NA
2018_F_p60_3.tif,F_p60,2018,F,p60,CV,3,2.57,NA
2018_F_p60_4.tif,F_p60,2018,F,p60,CV,4,2.24,NA
2018_F_p60_5.tif,F_p60,2018,F,p60,CV,5,2.67,NA
2018_F_p60_6.tif,F_p60,2018,F,p60,CV,6,2.52,NA
2018_F_p60_7.tif,F_p60,2018,F,p60,CV,7,2.38,NA
2018_F_p60_8.tif,F_p60,2018,F,p60,CV,8,2.53,NA
2018_F_p60_9.tif,F_p60,2018,F,p60,CV,9,2.5,NA
2018_F_p60_10.tif,F_p60,2018,F,p60,CV,10,2.7,NA
2018_AT_p101_1.tif,AT_p101,2018,AT,p101,CV,1,2.67,NA
2018_AT_p101_2.tif,AT_p101,2018,AT,p101,CV,2,2.41,NA
2018_AT_p101_3.tif,AT_p101,2018,AT,p101,CV,3,2.34,NA
2018_AT_p101_4.tif,AT_p101,2018,AT,p101,CV,4,2.62,NA
2018_AT_p101_5.tif,AT_p101,2018,AT,p101,CV,5,2.68,NA
2018_AT_p101_6.tif,AT_p101,2018,AT,p101,CV,6,2.55,NA
2018_AT_p101_7.tif,AT_p101,2018,AT,p101,CV,7,2.35,NA
2018_AT_p101_8.tif,AT_p101,2018,AT,p101,CV,8,2.68,NA
2018_AT_p101_9.tif,AT_p101,2018,AT,p101,CV,9,2.42,NA
2018_AT_p101_10.tif,AT_p101,2018,AT,p101,CV,10,2.45,NA
2018_AT_p102_1.tif,AT_p102,2018,AT,p102,CV,1,2.55,NA
2018_AT_p102_2.tif,AT_p102,2018,AT,p102,CV,2,2.34,NA
2018_AT_p102_3.tif,AT_p102,2018,AT,p102,CV,3,2.47,NA
2018_AT_p102_4.tif,AT_p102,2018,AT,p102,CV,4,2.42,NA
2018_AT_p102_5.tif,AT_p102,2018,AT,p102,CV,5,2.56,NA
2018_AT_p102_6.tif,AT_p102,2018,AT,p102,CV,6,2.39,NA
2018_AT_p102_7.tif,AT_p102,2018,AT,p102,CV,7,2.45,NA
2018_AT_p102_8.tif,AT_p102,2018,AT,p102,CV,8,2.61,NA
2018_AT_p102_9.tif,AT_p102,2018,AT,p102,CV,9,2.57,NA
2018_AT_p102_10.tif,AT_p102,2018,AT,p102,CV,10,2.26,NA
2018_AT_p103_1.tif,AT_p103,2018,AT,p103,CV,1,2.41,NA
2018_AT_p103_2.tif,AT_p103,2018,AT,p103,CV,2,2.36,NA
2018_AT_p103_3.tif,AT_p103,2018,AT,p103,CV,3,2.52,NA
2018_AT_p103_4.tif,AT_p103,2018,AT,p103,CV,4,2.16,NA
2018_AT_p103_5.tif,AT_p103,2018,AT,p103,CV,5,2.44,NA
2018_AT_p103_6.tif,AT_p103,2018,AT,p103,CV,6,2.53,NA
2018_AT_p103_7.tif,AT_p103,2018,AT,p103,CV,7,2.7,NA
2018_AT_p103_8.tif,AT_p103,2018,AT,p103,CV,8,2.48,NA
2018_AT_p103_9.tif,AT_p103,2018,AT,p103,CV,9,2.61,NA
2018_AT_p103_10.tif,AT_p103,2018,AT,p103,CV,10,2.61,NA
2018_AT_p104_1.tif,AT_p104,2018,AT,p104,CV,1,2.54,NA
2018_AT_p104_2.tif,AT_p104,2018,AT,p104,CV,2,2.56,NA
2018_AT_p104_3.tif,AT_p104,2018,AT,p104,CV,3,2.6,NA
2018_AT_p104_4.tif,AT_p104,2018,AT,p104,CV,4,2.48,NA
2018_AT_p104_5.tif,AT_p104,2018,AT,p104,CV,5,2.49,NA
2018_AT_p104_6.tif,AT_p104,2018,AT,p104,CV,6,2.49,NA
2018_AT_p104_7.tif,AT_p104,2018,AT,p104,CV,7,2.54,NA
2018_AT_p104_8.tif,AT_p104,2018,AT,p104,CV,8,2.53,NA
2018_AT_p104_9.tif,AT_p104,2018,AT,p104,CV,9,2.45,NA
2018_AT_p104_10.tif,AT_p104,2018,AT,p104,CV,10,2.56,NA
2018_AT_p105_1.tif,AT_p105,2018,AT,p105,CV,1,2.43,NA
2018_AT_p105_2.tif,AT_p105,2018,AT,p105,CV,2,2.57,NA
2018_AT_p105_3.tif,AT_p105,2018,AT,p105,CV,3,2.6,NA
2018_AT_p105_4.tif,AT_p105,2018,AT,p105,CV,4,2.63,NA
2018_AT_p105_5.tif,AT_p105,2018,AT,p105,CV,5,2.42,NA
2018_AT_p105_6.tif,AT_p105,2018,AT,p105,CV,6,2.64,NA
2018_AT_p105_7.tif,AT_p105,2018,AT,p105,CV,7,2.46,NA
2018_AT_p105_8.tif,AT_p105,2018,AT,p105,CV,8,2.26,NA
2018_AT_p105_9.tif,AT_p105,2018,AT,p105,CV,9,2.63,NA
2018_AT_p105_10.tif,AT_p105,2018,AT,p105,CV,10,2.54,NA
2018_AT_p116_1.tif,AT_p116,2018,AT,p116,CVIF,1,2.42,NA
2018_AT_p116_2.tif,AT_p116,2018,AT,p116,CVIF,2,2.53,NA
2018_AT_p116_3.tif,AT_p116,2018,AT,p116,CVIF,3,2.66,NA
2018_AT_p116_4.tif,AT_p116,2018,AT,p116,CVIF,4,2.5,NA
2018_AT_p116_5.tif,AT_p116,2018,AT,p116,CVIF,5,2.93,NA
2018_AT_p116_6.tif,AT_p116,2018,AT,p116,CVIF,6,2.67,NA
2018_AT_p116_7.tif,AT_p116,2018,AT,p116,CVIF,7,2.78,NA
2018_AT_p116_8.tif,AT_p116,2018,AT,p116,CVIF,8,3.07,NA
2018_AT_p116_9.tif,AT_p116,2018,AT,p116,CVIF,9,2.62,NA
2018_AT_p116_10.tif,AT_p116,2018,AT,p116,CVIF,10,2.79,NA
2018_AT_p117_1.tif,AT_p117,2018,AT,p117,CVIF,1,2.8,NA
2018_AT_p117_2.tif,AT_p117,2018,AT,p117,CVIF,2,2.46,NA
2018_AT_p117_3.tif,AT_p117,2018,AT,p117,CVIF,3,2.49,NA
2018_AT_p117_4.tif,AT_p117,2018,AT,p117,CVIF,4,2.59,NA
2018_AT_p117_5.tif,AT_p117,2018,AT,p117,CVIF,5,2.85,NA
2018_AT_p117_6.tif,AT_p117,2018,AT,p117,CVIF,6,2.46,NA
2018_AT_p117_7.tif,AT_p117,2018,AT,p117,CVIF,7,2.72,NA
2018_AT_p117_8.tif,AT_p117,2018,AT,p117,CVIF,8,2.84,NA
2018_AT_p117_9.tif,AT_p117,2018,AT,p117,CVIF,9,2.75,NA
2018_AT_p117_10.tif,AT_p117,2018,AT,p117,CVIF,10,2.68,NA
2018_AT_p118_1.tif,AT_p118,2018,AT,p118,CVIF,1,2.35,NA
2018_AT_p118_2.tif,AT_p118,2018,AT,p118,CVIF,2,2.72,NA
2018_AT_p118_3.tif,AT_p118,2018,AT,p118,CVIF,3,2.76,NA
2018_AT_p118_4.tif,AT_p118,2018,AT,p118,CVIF,4,2.92,NA
2018_AT_p118_5.tif,AT_p118,2018,AT,p118,CVIF,5,2.56,NA
2018_AT_p118_6.tif,AT_p118,2018,AT,p118,CVIF,6,2.57,NA
2018_AT_p118_7.tif,AT_p118,2018,AT,p118,CVIF,7,2.74,NA
2018_AT_p118_8.tif,AT_p118,2018,AT,p118,CVIF,8,2.66,NA
2018_AT_p118_9.tif,AT_p118,2018,AT,p118,CVIF,9,2.56,NA
2018_AT_p118_10.tif,AT_p118,2018,AT,p118,CVIF,10,2.5,NA
2018_AT_p119_1.tif,AT_p119,2018,AT,p119,CVIF,1,2.76,NA
2018_AT_p119_2.tif,AT_p119,2018,AT,p119,CVIF,2,2.46,NA
2018_AT_p119_3.tif,AT_p119,2018,AT,p119,CVIF,3,3.22,NA
2018_AT_p119_4.tif,AT_p119,2018,AT,p119,CVIF,4,2.42,NA
2018_AT_p119_5.tif,AT_p119,2018,AT,p119,CVIF,5,2.65,NA
2018_AT_p119_6.tif,AT_p119,2018,AT,p119,CVIF,6,2.74,NA
2018_AT_p119_7.tif,AT_p119,2018,AT,p119,CVIF,7,3.06,NA
2018_AT_p119_8.tif,AT_p119,2018,AT,p119,CVIF,8,2.72,NA
2018_AT_p119_9.tif,AT_p119,2018,AT,p119,CVIF,9,2.66,NA
2018_AT_p119_10.tif,AT_p119,2018,AT,p119,CVIF,10,2.85,NA
2018_AT_p120_1.tif,AT_p120,2018,AT,p120,CVIF,1,2.74,NA
2018_AT_p120_2.tif,AT_p120,2018,AT,p120,CVIF,2,2.62,NA
2018_AT_p120_3.tif,AT_p120,2018,AT,p120,CVIF,3,2.43,NA
2018_AT_p120_4.tif,AT_p120,2018,AT,p120,CVIF,4,2.65,NA
2018_AT_p120_5.tif,AT_p120,2018,AT,p120,CVIF,5,2.68,NA
2018_AT_p120_6.tif,AT_p120,2018,AT,p120,CVIF,6,2.93,NA
2018_AT_p120_7.tif,AT_p120,2018,AT,p120,CVIF,7,2.69,NA
2018_AT_p120_8.tif,AT_p120,2018,AT,p120,CVIF,8,2.52,NA
2018_AT_p120_9.tif,AT_p120,2018,AT,p120,CVIF,9,2.76,NA
2018_AT_p120_10.tif,AT_p120,2018,AT,p120,CVIF,10,3.05,NA
2018_AR_p21_1.tif,AR_p21,2018,AR,p21,CV,1,3.22,NA
2018_AR_p21_2.tif,AR_p21,2018,AR,p21,CV,2,3.12,NA
2018_AR_p21_3.tif,AR_p21,2018,AR,p21,CV,3,3.19,NA
2018_AR_p21_4.tif,AR_p21,2018,AR,p21,CV,4,2.97,NA
2018_AR_p21_5.tif,AR_p21,2018,AR,p21,CV,5,3.09,NA
2018_AR_p21_6.tif,AR_p21,2018,AR,p21,CV,6,3.08,NA
2018_AR_p21_7.tif,AR_p21,2018,AR,p21,CV,7,3.12,NA
2018_AR_p21_8.tif,AR_p21,2018,AR,p21,CV,8,3.24,NA
2018_AR_p21_9.tif,AR_p21,2018,AR,p21,CV,9,2.89,NA
2018_AR_p21_10.tif,AR_p21,2018,AR,p21,CV,10,2.98,NA
2018_AR_p22_1.tif,AR_p22,2018,AR,p22,CV,1,2.84,NA
2018_AR_p22_2.tif,AR_p22,2018,AR,p22,CV,2,3.38,NA
2018_AR_p22_3.tif,AR_p22,2018,AR,p22,CV,3,2.97,NA
2018_AR_p22_4.tif,AR_p22,2018,AR,p22,CV,4,3.08,NA
2018_AR_p22_5.tif,AR_p22,2018,AR,p22,CV,5,3.32,NA
2018_AR_p22_6.tif,AR_p22,2018,AR,p22,CV,6,3.06,NA
2018_AR_p22_7.tif,AR_p22,2018,AR,p22,CV,7,2.89,NA
2018_AR_p22_8.tif,AR_p22,2018,AR,p22,CV,8,2.76,NA
2018_AR_p22_9.tif,AR_p22,2018,AR,p22,CV,9,3.08,NA
2018_AR_p22_10.tif,AR_p22,2018,AR,p22,CV,10,2.96,NA
2018_AR_p23_1.tif,AR_p23,2018,AR,p23,CV,1,3.08,NA
2018_AR_p23_2.tif,AR_p23,2018,AR,p23,CV,2,2.99,NA
2018_AR_p23_3.tif,AR_p23,2018,AR,p23,CV,3,3.04,NA
2018_AR_p23_4.tif,AR_p23,2018,AR,p23,CV,4,2.97,NA
2018_AR_p23_5.tif,AR_p23,2018,AR,p23,CV,5,2.94,NA
2018_AR_p23_6.tif,AR_p23,2018,AR,p23,CV,6,2.61,NA
2018_AR_p23_7.tif,AR_p23,2018,AR,p23,CV,7,2.79,NA
2018_AR_p23_8.tif,AR_p23,2018,AR,p23,CV,8,3.04,NA
2018_AR_p23_9.tif,AR_p23,2018,AR,p23,CV,9,3.2,NA
2018_AR_p23_10.tif,AR_p23,2018,AR,p23,CV,10,2.93,NA
2018_AR_p24_1.tif,AR_p24,2018,AR,p24,CV,1,2.24,NA
2018_AR_p24_2.tif,AR_p24,2018,AR,p24,CV,2,2.4,NA
2018_AR_p24_3.tif,AR_p24,2018,AR,p24,CV,3,2.27,NA
2018_AR_p24_4.tif,AR_p24,2018,AR,p24,CV,4,2.36,NA
2018_AR_p24_5.tif,AR_p24,2018,AR,p24,CV,5,2.28,NA
2018_AR_p24_6.tif,AR_p24,2018,AR,p24,CV,6,2.31,NA
2018_AR_p24_7.tif,AR_p24,2018,AR,p24,CV,7,2.38,NA
2018_AR_p24_8.tif,AR_p24,2018,AR,p24,CV,8,2.4,NA
2018_AR_p24_9.tif,AR_p24,2018,AR,p24,CV,9,2.38,NA
2018_AR_p24_10.tif,AR_p24,2018,AR,p24,CV,10,2.52,NA
2018_AR_p25_1.tif,AR_p25,2018,AR,p25,CV,1,2.3,NA
2018_AR_p25_2.tif,AR_p25,2018,AR,p25,CV,2,2.3,NA
2018_AR_p25_3.tif,AR_p25,2018,AR,p25,CV,3,2.35,NA
2018_AR_p25_4.tif,AR_p25,2018,AR,p25,CV,4,2.43,NA
2018_AR_p25_5.tif,AR_p25,2018,AR,p25,CV,5,2.8,NA
2018_AR_p25_6.tif,AR_p25,2018,AR,p25,CV,6,2.33,NA
2018_AR_p25_7.tif,AR_p25,2018,AR,p25,CV,7,2.27,NA
2018_AR_p25_8.tif,AR_p25,2018,AR,p25,CV,8,2.32,NA
2018_AR_p25_9.tif,AR_p25,2018,AR,p25,CV,9,2.43,NA
2018_AR_p25_10.tif,AR_p25,2018,AR,p25,CV,10,2.46,NA
2018_AR_p26_1.tif,AR_p26,2018,AR,p26,CV,1,2.87,NA
2018_AR_p26_2.tif,AR_p26,2018,AR,p26,CV,2,2.88,NA
2018_AR_p26_3.tif,AR_p26,2018,AR,p26,CV,3,3.03,NA
2018_AR_p26_4.tif,AR_p26,2018,AR,p26,CV,4,3.27,NA
2018_AR_p26_5.tif,AR_p26,2018,AR,p26,CV,5,3.24,NA
2018_AR_p26_6.tif,AR_p26,2018,AR,p26,CV,6,3.29,NA
2018_AR_p26_7.tif,AR_p26,2018,AR,p26,CV,7,2.92,NA
2018_AR_p26_8.tif,AR_p26,2018,AR,p26,CV,8,3.04,NA
2018_AR_p26_9.tif,AR_p26,2018,AR,p26,CV,9,3.01,NA
2018_AR_p26_10.tif,AR_p26,2018,AR,p26,CV,10,3.14,NA
2018_AR_p27_1.tif,AR_p27,2018,AR,p27,CV,1,3.34,NA
2018_AR_p27_2.tif,AR_p27,2018,AR,p27,CV,2,3.08,NA
2018_AR_p27_3.tif,AR_p27,2018,AR,p27,CV,3,2.84,NA
2018_AR_p27_4.tif,AR_p27,2018,AR,p27,CV,4,2.96,NA
2018_AR_p27_5.tif,AR_p27,2018,AR,p27,CV,5,3.38,NA
2018_AR_p27_6.tif,AR_p27,2018,AR,p27,CV,6,3.46,NA
2018_AR_p27_7.tif,AR_p27,2018,AR,p27,CV,7,3.31,NA
2018_AR_p27_8.tif,AR_p27,2018,AR,p27,CV,8,3.24,NA
2018_AR_p27_9.tif,AR_p27,2018,AR,p27,CV,9,3.11,NA
2018_AR_p27_10.tif,AR_p27,2018,AR,p27,CV,10,3.09,NA
2018_AR_p28_1.tif,AR_p28,2018,AR,p28,CV,1,2.23,NA
2018_AR_p28_2.tif,AR_p28,2018,AR,p28,CV,2,2.42,NA
2018_AR_p28_3.tif,AR_p28,2018,AR,p28,CV,3,2.45,NA
2018_AR_p28_4.tif,AR_p28,2018,AR,p28,CV,4,2.31,NA
2018_AR_p28_5.tif,AR_p28,2018,AR,p28,CV,5,2.39,NA
2018_AR_p28_6.tif,AR_p28,2018,AR,p28,CV,6,2.55,NA
2018_AR_p28_7.tif,AR_p28,2018,AR,p28,CV,7,2.38,NA
2018_AR_p28_8.tif,AR_p28,2018,AR,p28,CV,8,2.37,NA
2018_AR_p28_9.tif,AR_p28,2018,AR,p28,CV,9,2.28,NA
2018_AR_p28_10.tif,AR_p28,2018,AR,p28,CV,10,2.51,NA
2018_AR_p29_1.tif,AR_p29,2018,AR,p29,CV,1,2.69,NA
2018_AR_p29_2.tif,AR_p29,2018,AR,p29,CV,2,2.61,NA
2018_AR_p29_3.tif,AR_p29,2018,AR,p29,CV,3,2.71,NA
2018_AR_p29_4.tif,AR_p29,2018,AR,p29,CV,4,2.5,NA
2018_AR_p29_5.tif,AR_p29,2018,AR,p29,CV,5,2.59,NA
2018_AR_p29_6.tif,AR_p29,2018,AR,p29,CV,6,2.36,NA
2018_AR_p29_7.tif,AR_p29,2018,AR,p29,CV,7,2.25,NA
2018_AR_p29_8.tif,AR_p29,2018,AR,p29,CV,8,2.63,NA
2018_AR_p29_9.tif,AR_p29,2018,AR,p29,CV,9,2.41,NA
2018_AR_p29_10.tif,AR_p29,2018,AR,p29,CV,10,2.47,NA
2018_AR_p30_1.tif,AR_p30,2018,AR,p30,CV,1,2.15,NA
2018_AR_p30_2.tif,AR_p30,2018,AR,p30,CV,2,2.37,NA
2018_AR_p30_3.tif,AR_p30,2018,AR,p30,CV,3,2.42,NA
2018_AR_p30_4.tif,AR_p30,2018,AR,p30,CV,4,2.26,NA
2018_AR_p30_5.tif,AR_p30,2018,AR,p30,CV,5,2.37,NA
2018_AR_p30_6.tif,AR_p30,2018,AR,p30,CV,6,2.48,NA
2018_AR_p30_7.tif,AR_p30,2018,AR,p30,CV,7,2.45,NA
2018_AR_p30_8.tif,AR_p30,2018,AR,p30,CV,8,2.36,NA
2018_AR_p30_9.tif,AR_p30,2018,AR,p30,CV,9,2.4,NA
2018_AR_p30_10.tif,AR_p30,2018,AR,p30,CV,10,2.22,NA
2019_H_L_A1_1.tif,H_L_A1,2019,H,A1,NA,1,2.68,L
2019_H_L_A1_2.tif,H_L_A1,2019,H,A1,NA,2,2.62,L
2019_H_L_A1_3.tif,H_L_A1,2019,H,A1,NA,3,2.69,L
2019_H_L_A1_4.tif,H_L_A1,2019,H,A1,NA,4,2.69,L
2019_H_L_A1_5.tif,H_L_A1,2019,H,A1,NA,5,2.8,L
2019_H_L_A1_6.tif,H_L_A1,2019,H,A1,NA,6,2.8,L
2019_H_L_A1_7.tif,H_L_A1,2019,H,A1,NA,7,2.77,L
2019_H_L_A1_8.tif,H_L_A1,2019,H,A1,NA,8,2.53,L
2019_H_L_A1_9.tif,H_L_A1,2019,H,A1,NA,9,2.66,L
2019_H_S_A1_1.tif,H_S_A1,2019,H,A1,NA,1,2.17,S
2019_H_S_A1_2.tif,H_S_A1,2019,H,A1,NA,2,2.2,S
2019_H_S_A1_3.tif,H_S_A1,2019,H,A1,NA,3,2.39,S
2019_H_S_A1_4.tif,H_S_A1,2019,H,A1,NA,4,2.22,S
2019_H_S_A1_5.tif,H_S_A1,2019,H,A1,NA,5,2.37,S
2019_H_S_A1_6.tif,H_S_A1,2019,H,A1,NA,6,1.87,S
2019_H_S_A1_7.tif,H_S_A1,2019,H,A1,NA,7,1.89,S
2019_H_S_A1_8.tif,H_S_A1,2019,H,A1,NA,8,2.3,S
2019_H_S_A1_9.tif,H_S_A1,2019,H,A1,NA,9,2.05,S
2019_H_S_A1_10.tif,H_S_A1,2019,H,A1,NA,10,2.26,S
2019_H_L_A2_1.tif,H_L_A2,2019,H,A2,NA,1,2.67,L
2019_H_L_A2_2.tif,H_L_A2,2019,H,A2,NA,2,2.56,L
2019_H_L_A2_3.tif,H_L_A2,2019,H,A2,NA,3,2.65,L
2019_H_L_A2_4.tif,H_L_A2,2019,H,A2,NA,4,2.72,L
2019_H_L_A2_5.tif,H_L_A2,2019,H,A2,NA,5,2.64,L
2019_H_L_A2_6.tif,H_L_A2,2019,H,A2,NA,6,2.68,L
2019_H_L_A2_7.tif,H_L_A2,2019,H,A2,NA,7,2.57,L
2019_H_L_A2_8.tif,H_L_A2,2019,H,A2,NA,8,2.64,L
2019_H_L_A2_9.tif,H_L_A2,2019,H,A2,NA,9,2.57,L
2019_H_L_A2_10.tif,H_L_A2,2019,H,A2,NA,10,2.69,L
2019_H_S_A2_1.tif,H_S_A2,2019,H,A2,NA,1,2.08,S
2019_H_S_A2_2.tif,H_S_A2,2019,H,A2,NA,2,2.21,S
2019_H_S_A2_3.tif,H_S_A2,2019,H,A2,NA,3,2.49,S
2019_H_S_A2_4.tif,H_S_A2,2019,H,A2,NA,4,2.15,S
2019_H_S_A2_5.tif,H_S_A2,2019,H,A2,NA,5,1.97,S
2019_H_S_A2_6.tif,H_S_A2,2019,H,A2,NA,6,2.1,S
2019_H_S_A2_7.tif,H_S_A2,2019,H,A2,NA,7,2.16,S
2019_H_S_A2_8.tif,H_S_A2,2019,H,A2,NA,8,2.37,S
2019_H_S_A2_9.tif,H_S_A2,2019,H,A2,NA,9,2.22,S
2019_H_S_A2_10.tif,H_S_A2,2019,H,A2,NA,10,2.13,S
2019_H_L_A3_1.tif,H_L_A3,2019,H,A3,NA,1,2.53,L
2019_H_L_A3_2.tif,H_L_A3,2019,H,A3,NA,2,2.78,L
2019_H_L_A3_3.tif,H_L_A3,2019,H,A3,NA,3,2.52,L
2019_H_L_A3_4.tif,H_L_A3,2019,H,A3,NA,4,2.49,L
2019_H_L_A3_5.tif,H_L_A3,2019,H,A3,NA,5,2.49,L
2019_H_L_A3_6.tif,H_L_A3,2019,H,A3,NA,6,2.76,L
2019_H_L_A3_7.tif,H_L_A3,2019,H,A3,NA,7,2.24,L
2019_H_L_A3_8.tif,H_L_A3,2019,H,A3,NA,8,2.61,L
2019_H_L_A3_9.tif,H_L_A3,2019,H,A3,NA,9,2.59,L
2019_H_L_A3_10.tif,H_L_A3,2019,H,A3,NA,10,2.48,L
2019_H_S_A3_1.tif,H_S_A3,2019,H,A3,NA,1,2.21,S
2019_H_S_A3_2.tif,H_S_A3,2019,H,A3,NA,2,2.18,S
2019_H_S_A3_3.tif,H_S_A3,2019,H,A3,NA,3,2.26,S
2019_H_S_A3_4.tif,H_S_A3,2019,H,A3,NA,4,1.94,S
2019_H_S_A3_5.tif,H_S_A3,2019,H,A3,NA,5,2.2,S
2019_H_S_A3_6.tif,H_S_A3,2019,H,A3,NA,6,2.09,S
2019_H_S_A3_7.tif,H_S_A3,2019,H,A3,NA,7,2.31,S
2019_H_S_A3_8.tif,H_S_A3,2019,H,A3,NA,8,2.01,S
2019_H_S_A3_9.tif,H_S_A3,2019,H,A3,NA,9,1.99,S
2019_H_S_A3_10.tif,H_S_A3,2019,H,A3,NA,10,2.31,S
2019_B_S_A1_1.tif,B_S_A1,2019,B,A1,NA,1,2.45,S
2019_B_S_A1_2.tif,B_S_A1,2019,B,A1,NA,2,2.55,S
2019_B_S_A1_3.tif,B_S_A1,2019,B,A1,NA,3,2.25,S
2019_B_S_A1_4.tif,B_S_A1,2019,B,A1,NA,4,2.21,S
2019_B_S_A1_5.tif,B_S_A1,2019,B,A1,NA,5,2.32,S
2019_B_S_A1_6.tif,B_S_A1,2019,B,A1,NA,6,2.35,S
2019_B_S_A1_7.tif,B_S_A1,2019,B,A1,NA,7,2.52,S
2019_B_S_A1_8.tif,B_S_A1,2019,B,A1,NA,8,2.1,S
2019_B_S_A1_9.tif,B_S_A1,2019,B,A1,NA,9,2.22,S
2019_B_S_A1_10.tif,B_S_A1,2019,B,A1,NA,10,2.42,S
2019_B_S_A2_1.tif,B_S_A2,2019,B,A2,NA,1,2.28,S
2019_B_S_A2_2.tif,B_S_A2,2019,B,A2,NA,2,2.38,S
2019_B_S_A2_3.tif,B_S_A2,2019,B,A2,NA,3,2.39,S
2019_B_S_A2_4.tif,B_S_A2,2019,B,A2,NA,4,2.4,S
2019_B_S_A2_5.tif,B_S_A2,2019,B,A2,NA,5,2.65,S
2019_B_S_A2_6.tif,B_S_A2,2019,B,A2,NA,6,2.47,S
2019_B_S_A2_7.tif,B_S_A2,2019,B,A2,NA,7,2.35,S
2019_B_S_A2_8.tif,B_S_A2,2019,B,A2,NA,8,2.22,S
2019_B_S_A2_9.tif,B_S_A2,2019,B,A2,NA,9,2.25,S
2019_B_S_A2_10.tif,B_S_A2,2019,B,A2,NA,10,2.3,S
2019_B_S_A3_1.tif,B_S_A3,2019,B,A3,NA,1,2.68,S
2019_B_S_A3_2.tif,B_S_A3,2019,B,A3,NA,2,2.41,S
2019_B_S_A3_3.tif,B_S_A3,2019,B,A3,NA,3,2.53,S
2019_B_S_A3_4.tif,B_S_A3,2019,B,A3,NA,4,2.36,S
2019_B_S_A3_5.tif,B_S_A3,2019,B,A3,NA,5,2.51,S
2019_B_S_A3_6.tif,B_S_A3,2019,B,A3,NA,6,2.43,S
2019_B_S_A3_7.tif,B_S_A3,2019,B,A3,NA,7,2.28,S
2019_B_S_A3_8.tif,B_S_A3,2019,B,A3,NA,8,2.52,S
2019_B_S_A3_9.tif,B_S_A3,2019,B,A3,NA,9,2.28,S
2019_B_S_A3_10.tif,B_S_A3,2019,B,A3,NA,10,2.3,S
2019_B_S_A4_1.tif,B_S_A4,2019,B,A4,NA,1,2.3,S
2019_B_S_A4_2.tif,B_S_A4,2019,B,A4,NA,2,2.3,S
2019_B_S_A4_3.tif,B_S_A4,2019,B,A4,NA,3,2.3,S
2019_B_S_A4_4.tif,B_S_A4,2019,B,A4,NA,4,2.19,S
2019_B_S_A4_5.tif,B_S_A4,2019,B,A4,NA,5,2.77,S
2019_B_S_A4_6.tif,B_S_A4,2019,B,A4,NA,6,2.34,S
2019_B_S_A4_7.tif,B_S_A4,2019,B,A4,NA,7,2.32,S
2019_B_S_A4_8.tif,B_S_A4,2019,B,A4,NA,8,2.28,S
2019_B_S_A4_9.tif,B_S_A4,2019,B,A4,NA,9,2.15,S
2019_B_S_A4_10.tif,B_S_A4,2019,B,A4,NA,10,2.26,S
2019_B_L_A1_1.tif,B_L_A1,2019,B,A1,NA,1,2.23,L
2019_B_L_A1_2.tif,B_L_A1,2019,B,A1,NA,2,2.08,L
2019_B_L_A1_3.tif,B_L_A1,2019,B,A1,NA,3,2.14,L
2019_B_L_A1_4.tif,B_L_A1,2019,B,A1,NA,4,2.1,L
2019_B_L_A1_5.tif,B_L_A1,2019,B,A1,NA,5,2.22,L
2019_B_L_A1_6.tif,B_L_A1,2019,B,A1,NA,6,2.18,L
2019_B_L_A1_7.tif,B_L_A1,2019,B,A1,NA,7,2,L
2019_B_L_A1_8.tif,B_L_A1,2019,B,A1,NA,8,1.81,L
2019_B_L_A1_9.tif,B_L_A1,2019,B,A1,NA,9,2.18,L
2019_B_L_A1_10.tif,B_L_A1,2019,B,A1,NA,10,2.23,L
2019_B_L_A2_1.tif,B_L_A2,2019,B,A2,NA,1,2,L
2019_B_L_A2_2.tif,B_L_A2,2019,B,A2,NA,2,2.11,L
2019_B_L_A2_3.tif,B_L_A2,2019,B,A2,NA,3,2.17,L
2019_B_L_A2_4.tif,B_L_A2,2019,B,A2,NA,4,2.18,L
2019_B_L_A2_5.tif,B_L_A2,2019,B,A2,NA,5,1.99,L
2019_B_L_A2_6.tif,B_L_A2,2019,B,A2,NA,6,2.3,L
2019_B_L_A2_7.tif,B_L_A2,2019,B,A2,NA,7,1.93,L
2019_B_L_A2_8.tif,B_L_A2,2019,B,A2,NA,8,2.06,L
2019_B_L_A2_9.tif,B_L_A2,2019,B,A2,NA,9,2,L
2019_B_L_A2_10.tif,B_L_A2,2019,B,A2,NA,10,2.2,L
2019_B_L_A3_1.tif,B_L_A3,2019,B,A3,NA,1,2.2,L
2019_B_L_A3_2.tif,B_L_A3,2019,B,A3,NA,2,2.54,L
2019_B_L_A3_3.tif,B_L_A3,2019,B,A3,NA,3,2.5,L
2019_B_L_A3_4.tif,B_L_A3,2019,B,A3,NA,4,2,L
2019_B_L_A3_5.tif,B_L_A3,2019,B,A3,NA,5,2.28,L
2019_B_L_A3_6.tif,B_L_A3,2019,B,A3,NA,6,2.8,L
2019_B_L_A3_7.tif,B_L_A3,2019,B,A3,NA,7,2.1,L
2019_B_L_A3_8.tif,B_L_A3,2019,B,A3,NA,8,2.5,L
2019_B_L_A3_9.tif,B_L_A3,2019,B,A3,NA,9,2.22,L
2019_B_L_A3_10.tif,B_L_A3,2019,B,A3,NA,10,2.18,L
2019_K_G_A_1.tif,K_G_A,2019,K,A,NA,1,2.4,G
2019_K_G_A_2.tif,K_G_A,2019,K,A,NA,2,2.44,G
2019_K_G_A_3.tif,K_G_A,2019,K,A,NA,3,2.31,G
2019_K_G_A_4.tif,K_G_A,2019,K,A,NA,4,2.38,G
2019_K_G_A_5.tif,K_G_A,2019,K,A,NA,5,2.45,G
2019_K_G_A_6.tif,K_G_A,2019,K,A,NA,6,2.56,G
2019_K_G_A_7.tif,K_G_A,2019,K,A,NA,7,2.44,G
2019_K_G_A_8.tif,K_G_A,2019,K,A,NA,8,2.42,G
2019_K_G_A_9.tif,K_G_A,2019,K,A,NA,9,2.65,G
2019_K_G_A_10.tif,K_G_A,2019,K,A,NA,10,2.59,G
2019_K_L_A1_1.tif,K_L_A1,2019,K,A1,NA,1,2.25,L
2019_K_L_A1_2.tif,K_L_A1,2019,K,A1,NA,2,2.19,L
2019_K_L_A1_3.tif,K_L_A1,2019,K,A1,NA,3,2.17,L
2019_K_L_A1_4.tif,K_L_A1,2019,K,A1,NA,4,2.28,L
2019_K_L_A1_5.tif,K_L_A1,2019,K,A1,NA,5,2.36,L
2019_K_L_A1_6.tif,K_L_A1,2019,K,A1,NA,6,2.26,L
2019_K_L_A1_7.tif,K_L_A1,2019,K,A1,NA,7,2.35,L
2019_K_L_A1_8.tif,K_L_A1,2019,K,A1,NA,8,2.25,L
2019_K_L_A1_9.tif,K_L_A1,2019,K,A1,NA,9,2.26,L
2019_K_L_A1_10.tif,K_L_A1,2019,K,A1,NA,10,2.22,L
2019_K_S_A1_1.tif,K_S_A1,2019,K,A1,NA,1,2.13,S
2019_K_S_A1_2.tif,K_S_A1,2019,K,A1,NA,2,2.21,S
2019_K_S_A1_3.tif,K_S_A1,2019,K,A1,NA,3,1.88,S
2019_K_S_A1_4.tif,K_S_A1,2019,K,A1,NA,4,2.14,S
2019_K_S_A1_5.tif,K_S_A1,2019,K,A1,NA,5,2.11,S
2019_K_S_A1_6.tif,K_S_A1,2019,K,A1,NA,6,2.1,S
2019_K_S_A1_7.tif,K_S_A1,2019,K,A1,NA,7,2.08,S
2019_K_S_A1_8.tif,K_S_A1,2019,K,A1,NA,8,2.02,S
2019_K_S_A1_9.tif,K_S_A1,2019,K,A1,NA,9,1.86,S
2019_K_S_A1_10.tif,K_S_A1,2019,K,A1,NA,10,2.04,S
2019_K_G_B_1.tif,K_G_B,2019,K,B,NA,1,2.66,G
2019_K_G_B_2.tif,K_G_B,2019,K,B,NA,2,2.45,G
2019_K_G_B_3.tif,K_G_B,2019,K,B,NA,3,2.52,G
2019_K_G_B_4.tif,K_G_B,2019,K,B,NA,4,2.48,G
2019_K_G_B_5.tif,K_G_B,2019,K,B,NA,5,2.61,G
2019_K_G_B_6.tif,K_G_B,2019,K,B,NA,6,2.68,G
2019_K_G_B_7.tif,K_G_B,2019,K,B,NA,7,2.42,G
2019_K_G_B_8.tif,K_G_B,2019,K,B,NA,8,2.44,G
2019_K_G_B_9.tif,K_G_B,2019,K,B,NA,9,2.54,G
2019_K_G_B_10.tif,K_G_B,2019,K,B,NA,10,2.68,G
2019_K_L_B_1.tif,K_L_B,2019,K,B,NA,1,2.31,L
2019_K_L_B_2.tif,K_L_B,2019,K,B,NA,2,2.22,L
2019_K_L_B_3.tif,K_L_B,2019,K,B,NA,3,2.35,L
2019_K_L_B_4.tif,K_L_B,2019,K,B,NA,4,2.21,L
2019_K_L_B_5.tif,K_L_B,2019,K,B,NA,5,2.17,L
2019_K_L_B_6.tif,K_L_B,2019,K,B,NA,6,2.24,L
2019_K_L_B_7.tif,K_L_B,2019,K,B,NA,7,2.21,L
2019_K_L_B_8.tif,K_L_B,2019,K,B,NA,8,2.23,L
2019_K_L_B_9.tif,K_L_B,2019,K,B,NA,9,2.34,L
2019_K_L_B_10.tif,K_L_B,2019,K,B,NA,10,2.24,L
2019_K_S_B_1.tif,K_S_B,2019,K,B,NA,1,1.93,S
2019_K_S_B_2.tif,K_S_B,2019,K,B,NA,2,2.04,S
2019_K_S_B_3.tif,K_S_B,2019,K,B,NA,3,1.95,S
2019_K_S_B_4.tif,K_S_B,2019,K,B,NA,4,2.14,S
2019_K_S_B_5.tif,K_S_B,2019,K,B,NA,5,2.18,S
2019_K_S_B_6.tif,K_S_B,2019,K,B,NA,6,1.99,S
2019_K_S_B_7.tif,K_S_B,2019,K,B,NA,7,1.88,S
2019_K_S_B_8.tif,K_S_B,2019,K,B,NA,8,1.89,S
2019_K_S_B_9.tif,K_S_B,2019,K,B,NA,9,1.99,S
2019_K_S_B_10.tif,K_S_B,2019,K,B,NA,10,1.97,S
2019_K_G_C_1.tif,K_G_C,2019,K,C,NA,1,2.72,G
2019_K_G_C_2.tif,K_G_C,2019,K,C,NA,2,2.51,G
2019_K_G_C_3.tif,K_G_C,2019,K,C,NA,3,2.43,G
2019_K_G_C_4.tif,K_G_C,2019,K,C,NA,4,2.51,G
2019_K_G_C_5.tif,K_G_C,2019,K,C,NA,5,2.59,G
2019_K_G_C_6.tif,K_G_C,2019,K,C,NA,6,2.58,G
2019_K_G_C_7.tif,K_G_C,2019,K,C,NA,7,2.44,G
2019_K_G_C_8.tif,K_G_C,2019,K,C,NA,8,2.57,G
2019_K_G_C_9.tif,K_G_C,2019,K,C,NA,9,2.78,G
2019_K_G_C_10.tif,K_G_C,2019,K,C,NA,10,2.55,G
2019_K_L_C_1.tif,K_L_C,2019,K,C,NA,1,2.47,L
2019_K_L_C_2.tif,K_L_C,2019,K,C,NA,2,2.26,L
2019_K_L_C_3.tif,K_L_C,2019,K,C,NA,3,2.26,L
2019_K_L_C_4.tif,K_L_C,2019,K,C,NA,4,2.21,L
2019_K_L_C_5.tif,K_L_C,2019,K,C,NA,5,2.32,L
2019_K_L_C_6.tif,K_L_C,2019,K,C,NA,6,2.25,L
2019_K_L_C_7.tif,K_L_C,2019,K,C,NA,7,2.37,L
2019_K_L_C_8.tif,K_L_C,2019,K,C,NA,8,2.26,L
2019_K_L_C_9.tif,K_L_C,2019,K,C,NA,9,2.16,L
2019_K_L_C_10.tif,K_L_C,2019,K,C,NA,10,2.1,L
2019_K_S_C_1.tif,K_S_C,2019,K,C,NA,1,2.16,S
2019_K_S_C_2.tif,K_S_C,2019,K,C,NA,2,2.04,S
2019_K_S_C_3.tif,K_S_C,2019,K,C,NA,3,2.08,S
2019_K_S_C_4.tif,K_S_C,2019,K,C,NA,4,2.13,S
2019_K_S_C_5.tif,K_S_C,2019,K,C,NA,5,2,S
2019_K_S_C_6.tif,K_S_C,2019,K,C,NA,6,2.04,S
2019_K_S_C_7.tif,K_S_C,2019,K,C,NA,7,2.08,S
2019_K_S_C_8.tif,K_S_C,2019,K,C,NA,8,2.18,S
2019_K_S_C_9.tif,K_S_C,2019,K,C,NA,9,1.92,S
2019_K_S_C_10.tif,K_S_C,2019,K,C,NA,10,2.17,S
2019_ISF_L_A_1.tif,ISF_L_A,2019,ISF,A,NA,1,NA,L
2019_ISF_L_A_2.tif,ISF_L_A,2019,ISF,A,NA,2,NA,L
2019_ISF_L_A_3.tif,ISF_L_A,2019,ISF,A,NA,3,NA,L
2019_ISF_L_A_4.tif,ISF_L_A,2019,ISF,A,NA,4,NA,L
2019_ISF_L_A_5.tif,ISF_L_A,2019,ISF,A,NA,5,NA,L
2019_ISF_L_A_6.tif,ISF_L_A,2019,ISF,A,NA,6,NA,L
2019_ISF_L_A_7.tif,ISF_L_A,2019,ISF,A,NA,7,NA,L
2019_ISF_L_A_8.tif,ISF_L_A,2019,ISF,A,NA,8,NA,L
2019_ISF_L_A_9.tif,ISF_L_A,2019,ISF,A,NA,9,NA,L
2019_ISF_L_A_10.tif,ISF_L_A,2019,ISF,A,NA,10,NA,L
2019_ISF_L_B_1.tif,ISF_L_B,2019,ISF,B,NA,1,NA,L
2019_ISF_L_B_2.tif,ISF_L_B,2019,ISF,B,NA,2,NA,L
2019_ISF_L_B_3.tif,ISF_L_B,2019,ISF,B,NA,3,NA,L
2019_ISF_L_B_4.tif,ISF_L_B,2019,ISF,B,NA,4,NA,L
2019_ISF_L_B_5.tif,ISF_L_B,2019,ISF,B,NA,5,NA,L
2019_ISF_L_B_6.tif,ISF_L_B,2019,ISF,B,NA,6,NA,L
2019_ISF_L_B_7.tif,ISF_L_B,2019,ISF,B,NA,7,NA,L
2019_ISF_L_B_8.tif,ISF_L_B,2019,ISF,B,NA,8,NA,L
2019_ISF_L_B_9.tif,ISF_L_B,2019,ISF,B,NA,9,NA,L
2019_ISF_L_B_10.tif,ISF_L_B,2019,ISF,B,NA,10,NA,L
2019_ISF_L_C_1.tif,ISF_L_C,2019,ISF,C,NA,1,NA,L
2019_ISF_L_C_2.tif,ISF_L_C,2019,ISF,C,NA,2,NA,L
2019_ISF_L_C_3.tif,ISF_L_C,2019,ISF,C,NA,3,NA,L
2019_ISF_L_C_4.tif,ISF_L_C,2019,ISF,C,NA,4,NA,L
2019_ISF_L_C_5.tif,ISF_L_C,2019,ISF,C,NA,5,NA,L
2019_ISF_L_C_6.tif,ISF_L_C,2019,ISF,C,NA,6,NA,L
2019_ISF_L_C_7.tif,ISF_L_C,2019,ISF,C,NA,7,NA,L
2019_ISF_L_C_8.tif,ISF_L_C,2019,ISF,C,NA,8,NA,L
2019_ISF_L_C_9.tif,ISF_L_C,2019,ISF,C,NA,9,NA,L
2019_ISF_L_C_10.tif,ISF_L_C,2019,ISF,C,NA,10,NA,L
2019_ISF_L_D_1.tif,ISF_L_D,2019,ISF,D,NA,1,NA,L
2019_ISF_L_D_2.tif,ISF_L_D,2019,ISF,D,NA,2,NA,L
2019_ISF_L_D_3.tif,ISF_L_D,2019,ISF,D,NA,3,NA,L
2019_ISF_L_D_4.tif,ISF_L_D,2019,ISF,D,NA,4,NA,L
2019_ISF_L_D_5.tif,ISF_L_D,2019,ISF,D,NA,5,NA,L
2019_ISF_L_D_6.tif,ISF_L_D,2019,ISF,D,NA,6,NA,L
2019_ISF_L_D_7.tif,ISF_L_D,2019,ISF,D,NA,7,NA,L
2019_ISF_L_D_8.tif,ISF_L_D,2019,ISF,D,NA,8,NA,L
2019_ISF_L_D_9.tif,ISF_L_D,2019,ISF,D,NA,9,NA,L
2019_ISF_L_D_10.tif,ISF_L_D,2019,ISF,D,NA,10,NA,L
2019_ISF_S_A_1.tif,ISF_S_A,2019,ISF,A,NA,1,NA,S
2019_ISF_S_A_2.tif,ISF_S_A,2019,ISF,A,NA,2,NA,S
2019_ISF_S_A_3.tif,ISF_S_A,2019,ISF,A,NA,3,NA,S
2019_ISF_S_A_4.tif,ISF_S_A,2019,ISF,A,NA,4,NA,S
2019_ISF_S_A_5.tif,ISF_S_A,2019,ISF,A,NA,5,NA,S
2019_ISF_S_A_6.tif,ISF_S_A,2019,ISF,A,NA,6,NA,S
2019_ISF_S_A_7.tif,ISF_S_A,2019,ISF,A,NA,7,NA,S
2019_ISF_S_A_8.tif,ISF_S_A,2019,ISF,A,NA,8,NA,S
2019_ISF_S_A_9.tif,ISF_S_A,2019,ISF,A,NA,9,NA,S
2019_ISF_S_A_10.tif,ISF_S_A,2019,ISF,A,NA,10,NA,S
2019_ISF_S_B_1.tif,ISF_S_B,2019,ISF,B,NA,1,NA,S
2019_ISF_S_B_2.tif,ISF_S_B,2019,ISF,B,NA,2,NA,S
2019_ISF_S_B_3.tif,ISF_S_B,2019,ISF,B,NA,3,NA,S
2019_ISF_S_B_4.tif,ISF_S_B,2019,ISF,B,NA,4,NA,S
2019_ISF_S_B_5.tif,ISF_S_B,2019,ISF,B,NA,5,NA,S
2019_ISF_S_B_6.tif,ISF_S_B,2019,ISF,B,NA,6,NA,S
2019_ISF_S_B_7.tif,ISF_S_B,2019,ISF,B,NA,7,NA,S
2019_ISF_S_B_8.tif,ISF_S_B,2019,ISF,B,NA,8,NA,S
2019_ISF_S_B_9.tif,ISF_S_B,2019,ISF,B,NA,9,NA,S
2019_ISF_S_B_10.tif,ISF_S_B,2019,ISF,B,NA,10,NA,S
2019_ISF_S_C_1.tif,ISF_S_C,2019,ISF,C,NA,1,NA,S
2019_ISF_S_C_2.tif,ISF_S_C,2019,ISF,C,NA,2,NA,S
2019_ISF_S_C_3.tif,ISF_S_C,2019,ISF,C,NA,3,NA,S
2019_ISF_S_C_4.tif,ISF_S_C,2019,ISF,C,NA,4,NA,S
2019_ISF_S_C_5.tif,ISF_S_C,2019,ISF,C,NA,5,NA,S
2019_ISF_S_C_6.tif,ISF_S_C,2019,ISF,C,NA,6,NA,S
2019_ISF_S_C_7.tif,ISF_S_C,2019,ISF,C,NA,7,NA,S
2019_ISF_S_C_8.tif,ISF_S_C,2019,ISF,C,NA,8,NA,S
2019_ISF_S_C_9.tif,ISF_S_C,2019,ISF,C,NA,9,NA,S
2019_ISF_S_C_10.tif,ISF_S_C,2019,ISF,C,NA,10,NA,S
2019_ISF_S_D_1.tif,ISF_S_D,2019,ISF,D,NA,1,NA,S
2019_ISF_S_D_2.tif,ISF_S_D,2019,ISF,D,NA,2,NA,S
2019_ISF_S_D_3.tif,ISF_S_D,2019,ISF,D,NA,3,NA,S
2019_ISF_S_D_4.tif,ISF_S_D,2019,ISF,D,NA,4,NA,S
2019_ISF_S_D_5.tif,ISF_S_D,2019,ISF,D,NA,5,NA,S
2019_ISF_S_D_6.tif,ISF_S_D,2019,ISF,D,NA,6,NA,S
2019_ISF_S_D_7.tif,ISF_S_D,2019,ISF,D,NA,7,NA,S
2019_ISF_S_D_8.tif,ISF_S_D,2019,ISF,D,NA,8,NA,S
2019_ISF_S_D_9.tif,ISF_S_D,2019,ISF,D,NA,9,NA,S
2019_ISF_S_D_10.tif,ISF_S_D,2019,ISF,D,NA,10,NA,S
